C Code,D code
SUAML-----*****,11106000000
SUAML-----*****,11070000000
SUGPUULC--*****,201121070000
SUGPUCFT--*****,101305000000
SUGPIME----****,201103000000
SUGPUSA---*****,101105000000
SUGPEVC---*****,111101000000
SUGPUCFT--*****,101212000000
OUVPS-----*****,101215000000
SUGPEWRL--*****,151102000000
SUGPEWRL--*****,151102010000
SUPEWRH---*****,151102020000
SUPEWRH---*****,151102030000
SUGPEWRR--*****,151101010000
,151118000000
,151119000000
,151118000000
SUGPUCR---*****,101213000000
SUGPIG----*****,111200000000
,111101000000
OUVPM-----*****,111105000000
OUVPM-----*****,111106000000
EUIPB-----*****,111107000000
OUOPS-----*****,111108000000
SUGPEW----*****,151100000000
,151201070000
EUOPAE----*****,151402000000
EUOPAE----*****,151404000000
SUGPIRP---*****,151409000000
EUOPCD----*****,151410000000
SUGPEVT---*****,151502000000
SUGPUUSRW-*****,152001000000
OUVPB-----*****,152002000000
GUMPOB----*****,152004000000
,152006000000
EUFPC-----*****,152005000000
EUOPAF----*****,152015010000
SUAPMFFI--*****,152009000000
EUFPEA----*****,152007000000
IUAPSRF---*****,152008000000
OUOPU-----****,103400000000
SUGPUSS---*****,152012000000
SUGPUSS---*****,152014000000
SUGPEXM---*****,152100000000
GUMPOMT---*****,152103000000
SUGPEXM---*****,152101000000
SUGPEVEB--*****,151302000000
SUGPUCEN--*****,151307000000
SUGPUCEN--*****,151307010000
SUGPEVEE--*****,151308010000
SUGPEVEB--*****,151303000000
SUGPEVEB--*****,151304000000
SUGPEVEB--*****,151305000000
SUGPEVEM--*****,151310010000
OUOPM-----*****,151310000000
EUFP------*****,201200000000
EUFPA-----*****,201201000000
EUFPAA----*****,201201010000
EUFPAC----*****,201201030000
EUFP------*****,201202040000
SUGPIRP---*****,201205040000
SUGPIX----*****,201207000000
EUFPK-----*****,201212020000
SUGPUSSW--*****,201214000000
EUFPMI----*****,201214110000
EUOPDK----*****,201121080000
OULPM-----*****,201111000000
OUOPYW----*****,201116000000
SUGPIR----*****,201112000000
OUIPR-----*****,201119010000
EUFPKB----*****,101101000000
SUGPUUSMN-*****,101100000000
OULP------*****,101103000000
SUGPUU----*****,101104000000
OUPPA-----*****,101105000000
SUGPUCR---*****,101213000000
SUGPUUSR--*****,101107000000
SUGPUUSRT-*****,101109000000
SUGPUUSRW-*****,101108000000
OUOPYT----*****,101110500000
OUOPYT----*****,101112000000
SUGPUUSRS-*****,101111000000
SUGPUCFH--*****,101300000000
SUGPUUM---*****,101500000000
,101501000000
,
SUGPUUMSED*****,101503000000
SUGPUUMSEI*****,101506000000
OUOPF-----*****,101511000000
SUGPUUMSEJ*****,101508000000
SUGPES----*****,101512000000
EUFPLA----*****,101202000000
SUGPUCFSS-*****,101201000000
SUGPUCATW-*****,101203000000
SUGPEWR---*****,101210000000
SUGPUCFHX-*****,101211010000
SUGPEWDH--*****,101211030000
SUGPEWDH--*****,101211030000
SUGPUCRO--*****,101213010000
,101215000000
SUGPUCRX--*****,101216000000
SUGPUH----*****,101800000000
,101801000000
SUGPUUSO,101802000000
SUGPUCS---*****,101803000000
SUGPUH----*****,101804000000
SUGPIBN---*****,101700000000
SUGPIBN---*****,101701000000
SUGPUUACCM*****,101401020000
SUGPUUACCK*****,101401010000
SUGPUUACR-*****,101401030000
SUGPUUACRS*****,101401040000
SUGPUUABR-*****,101401050000
SUUPND-----****,101404000000
SUGPEVS---*****,101405000000
SUGPUCEN--*****,101406000000
SUGPUCEN--*****,101409000000
,101411000000
SUGPEXM---*****,101413000000
SUGPEVEA--*****,101414000000
SUGPEVEML-*****,101415000000
OUOPM-----*****,101416000000
,101421000000
SUGPUSS---*****,101602000000
SUGPIME---*****,101604000000
,101605000000
,101605010000
,101612000000
SUGPUSS---*****,101617000000
SUGPUSS1--*****,101618000000
SUGPUSS2--*****,101619000000
SUGPUSS3--*****,101620000000
SUGPUSS4--*****,101621000000
SUGPUSS5--*****,101622000000
,101626000000
SUGPUSAO--*****,101627000000
SUGPUSS---*****,101634000000
SUGPUSS2--*****,101638000000
SUGPUSS3--*****,101639000000
SUGPUSS5--*****,101641000000
SUGPEVC---*****,351200000000
SUUPSU----*****,351202000000
,351400000000
,351500000000
,351600000000
,351100000000
SUUPND----*****,351105000000
,
,
SUGPEXI---*****,351302000000
SUGPEVC---*****,301400000000
SUSPXP----*****,301406000000
,301401150000
SUSPNM----*****,301401160000
,301401140000
SUSPXFDR--*****,301401030000
SUSPXMC---*****,301401020000
SUSPXM----*****,301401060000
,301401080000
,301600000000
,301700000000
SUSPCALA--*****,301203030000
SUSPCALA--*****,301203050000
SUSPCALA--*****,301203040000
SUSPG-----*****,301203010000
SUSPCALS--*****,301203060000
SUSPCUM---*****,301204050000
SUSPCUM---*****,301204030000
,301211000000
SUSPXAS---*****,301208000000
SUSPXAR---*****,301208010000
SUSPCLFF--*****,201202050000
SUSPNF----*****,301301000000
,301301010000
SUSPNF----*****,301301030000
SUSPXMC---*****,301301080000
SUSPNF----*****,301301090000
SUSPN-----*****,301301050000
SUSPXMO---*****,301301100000
SUSPNF----*****,301301060000
SUSPXMTU--*****,301301130000
SUSPXMC---*****,301302020000
SUSPXMC---*****,301302010000
SUSPCPSUT-*****,301302040000
SUSPXMTU--*****,301302030000
SUAP------*****,10000000000
SUAP------*****,11100000000
SUAPM-----*****,11100000000
SUAPMF----*****,11101000000
SUAPMFO---*****,11101010000
SUAPMFA---*****,11101020000
SUAPMFB---*****,11101030000
SUAPMFF---*****,11101040000
SUAPMFFI--*****,11101060000
SUAPMFC---*****,11101070000
SUAPMFCL--*****,11101070003
SUAPMFCM--*****,11101070002
SUAPMFCH--*****,11101070001
SUAPMFJ---*****,11101080000
SUAPMFK---*****,11101090000
SUAPMFKB--*****,11101090004
SUAPMFKD--*****,11101090005
SUAPMFP---*****,11101100000
SUAPMFR---*****,11101110000
SUAPMFT---*****,11101120000
SUAPMFU---*****,11101130000
SUAPMFUL--*****,11101130003
SUAPMFUM--*****,11101130002
SUAPMFUH--*****,11101130001
SUAPMFL---*****,11101140000
SUAPMFD---*****,11101150000
SUAPMFRW--*****,11101160000
SUAPMFPN--*****,11101170000
SUAPMFS---*****,11101180000
SUAPMFY---*****,11101190000
SUAPMFH---*****,11101200000
SUAPMFRZ--*****,11101210000
SUAPMFPM--*****,11101230000
SUAPMFM---*****,11101260000
SUAPMFRX--*****,11101280000
SUAPMV----*****,11101290000
SUAPME----*****,11101320000
SUAPMH----*****,11102000000
SUAPMHA---*****,11102000100
SUAPMHS---*****,11102003200
SUAPMHU---*****,11102000700
SUAPMHUL--*****,11102000703
SUAPMHUM--*****,11102000702
SUAPMHUH--*****,11102000701
SUAPMHI---*****,11102002500
SUAPMHH---*****,11102003000
SUAPMHR---*****,11102001800
SUAPMHC---*****,11102000300
SUAPMHCL--*****,11102000303
SUAPMHCM--*****,11102000302
SUAPMHCH--*****,11102000301
SUAPMHT---*****,11102001900
SUAPMHO---*****,11102001400
SUAPMHM---*****,11102002700
SUAPMHD---*****,11102001100
SUAPMHK---*****,11102000600
SUAPMHJ---*****,11102001600
SUAPMFQ---*****,11103000000
SUAPMFQA--*****,11103000100
SUAPMFQB--*****,11103000200
SUAPMFQC--*****,11103000300
SUAPMFQD--*****,11103001100
SUAPMFQRW-*****,11103001200
SUAPMFQF--*****,11103000400
SUAPMFQH--*****,11103003000
SUAPMFQJ--*****,11103001600
SUAPMFQRZ-*****,11103002400
SUAPMFQK--*****,11103000600
SUAPMFQL--*****,11103000800
SUAPMFQM--*****,11103002700
SUAPMFQI--*****,11103002500
SUAPMFQN--*****,11103003200
SUAPMFQP--*****,11103001700
SUAPMFQR--*****,11103001800
SUAPMFQRX-*****,11103002000
SUAPMFQS--*****,11103002200
SUAPMFQT--*****,11103001900
SUAPMFQU--*****,11103000700
SUAPMFQY--*****,11103002300
SUAPMFQO--*****,11103001400
SUAPMHQ---*****,11104000000
SUAPML----*****,11105000000
SUAPC-----*****,11200000000
SUAPCF----*****,11201000000
SUAPCH----*****,11202000000
SUAPCL----*****,11204000000
SUAPW-----*****,11300000000
SUAPWB----*****,11301000000
SUAPWD----*****,11302000000
SUAPWM----*****,21100000000
SUAPWM----*****,21100000005
SUAPWMS---*****,21100000205
SUAPWMSB--*****,21100000500
SUAPWMSS--*****,21100000202
SUAPWMSA--*****,21100000201
SUAPWMSU--*****,21100000203
SUAPWMA---*****,21100000105
SUAPWMAS--*****,21100000102
SUAPWMAA--*****,21100000101
SUAPWMAP--*****,21100000104
SUAPWMU---*****,21100000302
SUAPWMCM--*****,21100000706
SUAPWMB---*****,21100000606
SUPP------*****,51100000000
SUPPS-----*****,51107000000
SUPPT-----*****,51116000000
SUPPL-----*****,51119000000
SUFPGC----*****,101102000000
SUFPGP----*****,101106000000
SUGPUUS---*****,101110000000
SUGPUUSA--*****,101110000200
SUGPUUSC--*****,101110001100
SUGPUUSO--*****,101110004900
SUGPUUSF--*****,101110002700
SUGPUUSM--*****,101110003600
SUGPUUSS--*****,101110007700
SUGPUUSR--*****,101110010000
SUGPUUSRW-*****,101110020000
SUGPUUSRT-*****,101110030000
SUGPUUSRS-*****,101110040000
SUGPUUP---*****,101203002900
SUGPUCAA--*****,101204000000
SUGPUCAAL-*****,101204000019
SUGPUCAAM-*****,101204000001
SUGPUCAAS-*****,101204000059
SUGPUCAAU-*****,101204000027
SUGPUCAAC-*****,101204000002
SUGPUCAAA-*****,101204010000
SUGPUCAAAS*****,101204010059
SUGPUCAAAW*****,101204010051
SUGPUCAAO-*****,101204020000
SUGPUCAAOS*****,101204020059
SUGPUCAT--*****,101205000000
SUGPUCATL-*****,101205000019
SUGPUCATM-*****,101205000024
SUGPUCATH-*****,101205000015
SUGPUCATA-*****,101205000001
SUGPUCATR-*****,101205000038
SUGPUCRVA-*****,101205010000
SUGPUCRRL-*****,101205010019
SUGPUCATW-*****,101205020000
SUGPUCAWW-*****,101505020051
SUGPUCATWR*****,101205020038
SUGPUCV---*****,101206000000
SUGPUCVUR-*****,101206000059
SUGPUCVRA-*****,101206000300
SUGPUCVRUC*****,101206001000
SUGPUCVRM-*****,101206003300
SUGPUCVS--*****,101206005300
SUGPUCSA--*****,101206005400
SUFPA-----*****,101206006300
SUFPAHA---*****,101206006354
SUFPAHU---*****,101206006356
SUFPAHH---*****,101206006357
SUFPAHUL--*****,101206006319
SUFPAHUM--*****,101206006324
SUFPAHUH--*****,101206006315
SUGPUCVRU-*****,101206006900
SUGPUCVRUL*****,101206006919
SUGPUCVRUM*****,101206006924
SUGPUCVRUH*****,101206006915
SUGPUCVRW-*****,101206007400
SUGPUCVRUE*****,101206007500
SUGPUCRVO-*****,101206010000
SUGPUCVC--*****,101207000000
SUGPUCVF--*****,101208000000
SUGPUCVUF-*****,101208000059
SUGPUCVFA-*****,101208000300
SUFPAF----*****,101208006300
SUFPAFA---*****,101208006354
SUFPAFK---*****,101208006355
SUFPAFU---*****,101208006356
SUFPAFUL--*****,101208006319
SUFPAFUM--*****,101208006324
SUFPAFUH--*****,101208006315
SUFPAV----*****,101208006349
SUGPUCVFU-*****,101208006900
SUGPUCVV--*****,101208000049
SUGPUCVFR-*****,101208010000
SUGPUC----*****,101209000000
SUGPUCI---*****,101211000000
SUFPGR----*****,101211005701
SUGPUCIL--*****,101211000019
SUGPUCIO--*****,101211000027
SUGPUCIA--*****,101211000001
SUGPUCIS--*****,101211000059
SUGPUCIC--*****,101211000002
SUGPUCIN--*****,101211004600
SUGPUCIZ--*****,101211020000
SUGPUCIM--*****,101211040000
SUGPUCII--*****,101211050000
SUGPUCRV--*****,101213000000
SUGPUCRC--*****,101213000002
SUGPUCRS--*****,101213000059
SUGPUCRA--*****,101213000001
SUGPUCRO--*****,101213000027
SUGPUCRL--*****,101213000019
SUGPUCRX--*****,101213000022
SUGPUCRH--*****,101213000031
SUGPUCRR--*****,101213020000
SUGPUCRRD-*****,101213021900
SUGPUCRRF-*****,101213022600
SUGPUCRVM-*****,101213030000
SUFPNS----*****,101214000000
SUGPUCL---*****,101216000000
SUFPGS----*****,101217000000
SUFP------*****,101218000000
SUFPB-----*****,101218000045
SUFPGPA---*****,101218010000
SUFPG-----*****,101218020000
SUFPNB----*****,101218030000
SUFPNN----*****,101218040000
SUFPNU----*****,101218050000
SUGPUCVU--*****,101219000000
SUFPGR----*****,101220000000
SUGPUCD---*****,101301000000
SUGPUCDS--*****,101301000043
SUGPUCDT--*****,101301006700
SUGPUCDO--*****,101301009400
SUGPUCDG--*****,101301010000
SUGPUCDM--*****,101301020000
SUGPUCDH--*****,101301022800
SUGPUCDML-*****,101301020019
SUGPUCDMM-*****,101301020024
SUGPUCDMH-*****,101301020015
SUGPUCDC---****,101301030000
SUGPUCFTA-*****,101302000000
SUGPUCF---*****,101303000000
SUGPUCFHA-*****,101303000001
SUGPUCFHS-*****,101303000059
SUGPUCFHC-*****,101303000002
SUGPUCFHO-*****,101303000027
SUGPUCFHL-*****,101303000019
SUGPUCFHM-*****,101303000024
SUGPUCFHH-*****,101303000015
SUGPUCFRM-*****,101303004100
SUGPUCFRMR*****,101303004151
SUGPUCFRMT*****,101303004147
SUGPUCFTR-*****,101303005000
SUGPUCFRS-*****,101303005900
SUGPUCFRSR*****,101303005951
SUGPUCFRST*****,101303005947
SUGPUCFTS-*****,101303006200
SUGPUCFT--*****,101303006700
SUGPUCFTF-*****,101303006730
SUGPUCFHE-*****,101303010000
SUGPUCFRSS*****,101303015900
SUGPUCFRMS*****,101303014100
SUGPUCFTCM*****,101303020000
SUGPUCFTC-*****,101304000000
SUGPUCFO--*****,101306000000
SUGPUCFOS-*****,101306000059
SUGPUCFOA-*****,101306000001
SUGPUCFOL-*****,101306000019
SUGPUCFOO-*****,101306000027
SUGPUCM---*****,101307000000
SUGPUCMS--*****,101307000044
SUGPUCMT--*****,101307000046
SUGPUCFM--*****,101308000000
SUGPUCFMTC*****,101308000002
SUGPUCFMS-*****,101308010000
SUGPUCFMW-*****,101308020000
SUGPUCFMT-*****,101308030000
SUGPUCFMTS*****,101308030059
SUGPUCFMTA*****,101308030001
SUGPUCFMTO*****,101308030027
SUGPUCFS--*****,101309000000
SUGPUCFSS-*****,101309000059
SUGPUCFSA-*****,101309000001
SUGPUCFSL-*****,101309000019
SUGPUCFSO-*****,101309000027
SUGPUUA---*****,101401000000
SUGPUUAC--*****,101401000700
SUGPUUACS-*****,101401006000
SUGPUUAN--*****,101401004800
SUGPUUAB--*****,101401000400
SUGPUUAD--*****,101401001500
SUGPUUACC-*****,101401006009
SUGPUUACSA*****,101401016000
SUGPUUACCK*****,101401016009
SUGPUUACSM*****,101401026000
SUGPUUACCM*****,101401026009
SUGPUUACR-*****,101401030700
SUGPUUACRW*****,101401040051
SUGPUUABR-*****,101401050400
SUGPUU----*****,101402000000
SUGPUULD--*****,101403000000
SUGP------*****,100000000000
SUGPU-----*****,100000000000
SUGPUCE---*****,101407000000
SUGPUCECS-*****,101407000059
SUGPUCECA-*****,101407000001
SUGPUCECC-*****,101407000002
SUGPUCEC--*****,101407000900
SUGPUCECL-*****,101407000919
SUGPUCECM-*****,101407000924
SUGPUCECH-*****,101407000915
SUGPUCECO-*****,101407000927
SUGPUCEN--*****,101407001200
SUGPUCENN-*****,101407004600
SUGPUCECT-*****,101407010000
SUGPUCECW-*****,101407020000
SUGPUCECR-*****,101407030000
SUGPUUE---*****,101408000000
EUOPCA----*****,101410000000
SUGPUULM--*****,101412000000
SUGPUCS---*****,101417000000
SUGPUCSW--*****,101417000040
SUGPUCSR--*****,101417000036
SUGPUCSGA-*****,101417010000
SUGPUCSM--*****,101417010051
SUGPUCSGM-*****,101417020000
SUGPUCVS--*****,101418000000
SUGPUULF--*****,101419000000
SUGPUULS--*****,101420000000
SUGPUUMC-------,101502000000
SUGPUUSX--*****,101504000000
SUGPUUMSE-*****,101505000000
SUGPUUMSET*****,101505009400
SUGPUUMSEC*****,101505009600
SUGPUUMSED*****,101505020000
SUGPUUMSEI*****,101505030000
SUGPUUMSEJ*****,101505040000
SUGPUUMQ--*****,101507000000
SUGPUUMJ--*****,101509000000
SUGPUUM---*****,101510000000
SUGPUUMA--*****,101510000059
SUGPUUMO--*****,101510004900
SUGPUUMS--*****,101510005700
SUGPUUMRG-*****,101510005000
SUGPUUMRS-*****,101510005500
SUGPUUMRX-*****,101510002800
SUGPUUMMO-*****,101510003200
SUGPUUMT--*****,101510006600
SUGPUUMSET*****,101510009400
SUGPUUMSEC*****,101510009600
SUGPUSA---*****,101601000000
SUGPUSAT--*****,101601009400
SUGPUSAC--*****,101601009600
SUGPUSTA--*****,101603000000
SUGPUSTAT-*****,101603009400
SUGPUSTAC-*****,101603009600
SUGPUS----*****,101606000000
SUGPUSAF--*****,101607000000
SUGPUSAFT-*****,101607009400
SUGPUSAFC-*****,101607009600
SUGPUSAJ--*****,101608000000
SUGPUSAJT-*****,101608009400
SUGPUSAJC-*****,101608009600
SUGPUSAL--*****,101609000000
SUGPUSALT-*****,101609009400
SUGPUSALC-*****,101609009600
SUGPUSSL--*****,101610000000
SUGPUSSLT-*****,101610009400
SUGPUSSLC-*****,101610009600
SUGPUSX---*****,101611000000
SUGPUSXH--*****,101611000015
SUGPUSXE--*****,101611002200
SUGPUSXOM-*****,101611003400
SUGPUSXT--*****,101611009400
SUGPUSXC--*****,101611009600
SUGPUSXHT-*****,101611009415
SUGPUSXHC-*****,101611009615
SUGPUSM---*****,101613000000
SUGPUSMD--*****,101613000011
SUGPUSMP--*****,101613000034
SUGPUSMV--*****,101613000050
SUGPUSMT--*****,101613009400
SUGPUSMC--*****,101613009600
SUGPUSMDT-*****,101613009411
SUGPUSMDC-*****,101613009611
SUGPUSMPT-*****,101613009434
SUGPUSMPC-*****,101613009634
SUGPUSMVT-*****,101613009450
SUGPUSMVC-*****,101613009650
SUGPUSMM--*****,101614000000
SUGPUSMMT-*****,101614009400
SUGPUSMMC-*****,101614009600
SUGPUSAW--*****,101615000000
SUGPUSAWT-*****,101615009400
SUGPUSAWC-*****,101615009600
SUGPUSAM--*****,101616000000
SUGPUSAMT-*****,101616009400
SUGPUSAMC-*****,101616009600
SUGPUSXO--*****,101623000000
SUGPUSXOT-*****,101623009400
SUGPUSXOC-*****,101623009600
SUGPUSAS--*****,101624000000
SUGPUSAST-*****,101624009400
SUGPUSASC-*****,101624009600
SUGPUSS3--*****,101625000000
SUGPUSAP--*****,101628000000
SUGPUSAPT-*****,101628009400
SUGPUSAPC-*****,101628009600
SUGPUSAQ--*****,101629000000
SUGPUSAQT-*****,101629009400
SUGPUSAQC-*****,101629009600
SUGPUSTR--*****,101630000000
SUGPUSTRT-*****,101630009400
SUGPUSTRC-*****,101630009600
SUGPUSAR--*****,101631000000
SUGPUSARC-*****,101631009400
SUGPUSART-*****,101631009600
SUGPUSAX--*****,101632000000
SUGPUSAXT-*****,101632009400
SUGPUSAXC-*****,101632009600
SUGPUSTS--*****,101633000000
SUGPUSTST-*****,101633009400
SUGPUSTSC-*****,101633009600
SUGPUSAPM-*****,101635000000
SUGPUSAPMT*****,101635009400
SUGPUSAPMC*****,101635009600
SUGPUST---*****,101636000000
SUGPUSTI--*****,101636003400
SUGPUSTM--*****,101636003800
SUGPUSTT--*****,101636009400
SUGPUSTC--*****,101636009600
SUGPUSS1--*****,101637000000
SUGPUSS1T-*****,101637009400
SUGPUSS1C-*****,101637009600
SUGPUSS4--*****,101640000000
SUGPUSS4T-*****,101640009400
SUGPUSS4C-*****,101640009600
SUGPUSS6--*****,101642000000
SUGPUSS6T-*****,101642009400
SUGPUSS6C-*****,101642009600
SUGPUSS7--*****,101643000000
SUGPUSS7T-*****,101643009400
SUGPUSS7C-*****,101643009600
SUGPUSS8--*****,101644000000
SUGPUSS8T-*****,101644009400
SUGPUSS8C-*****,101644009600
SUGPUSS9--*****,101645000000
SUGPUSS9T-*****,101645009400
SUGPUSS9C-*****,101645009600
SUGPUSSX--*****,101646000000
SUGPUSSXT-*****,101646009400
SUGPUSSXC-*****,101646009600
SUGPUSSW--*****,101647000000
SUGPUSSWT-*****,101647009400
SUGPUSSWC-*****,101647009600
SUGPUSSWP-*****,101648000000
SUGPUSSWPT*****,101648009400
SUGPUSSWPC*****,101648009600
SUGPUSAPB-*****,101649000000
SUGPUSAPBT*****,101649009400
SUGPUSAPBC*****,101649009600
SUFPN-----*****,101701006300
EUOPBA----*****,101900000000
EUOPDA----*****,102000000000
EUOPDEA---*****,102002000000
EUOPDFA---*****,102003000000
SUGPUULC--*****,102007000000
EUOPDNA---*****,102011000000
OUPP------*****,111103000000
OUOPK-----*****,111103000500
OUPPA-----*****,111103001300
OURP------*****,111103000700
OUPPB-----*****,111103001800
OUPPC-----*****,111103001900
OUGP------*****,111104000000
OUGPA-----*****,111104000900
OUGPE-----*****,111104001000
OUGPF-----*****,111104001100
OUGPB-----*****,111104001400
OUGPD-----*****,111104001700
OUGPC-----*****,111104001900
EUIPBD----*****,111104002400
OUOPC-----*****,111109000000
OUOPCB----*****,111109002100
OUOPCA----*****,111109002200
OUOPCC----*****,111109002300
EUOPAA----*****,111110000000
SUGPEWR---*****,151101000000
SUGPEWRR--*****,151101010000
SUGPEWRL--*****,151101020000
SUGPEWRH--*****,151101030000
SUGPEWZ---*****,151103000000
SUGPEWZL--*****,151103010000
SUGPEWZM--*****,151103020000
SUGPEWZH--*****,151103030000
SUGPEXF---*****,151104000000
SUGPEWA---*****,151105000000
SUGPEWAL--*****,151105010000
SUGPEWAM--*****,151105020000
SUGPEWAH--*****,151105030000
SUGPEWG---*****,151106000000
SUGPEWGL--*****,151106010000
SUGPEWGM--*****,151106020000
SUGPEWGH--*****,151106030000
SUGPEWD---*****,151107000000
SUGPEWDL--*****,151107010000
SUGPEWDM--*****,151107020000
SUGPEWDH--*****,151107030000
SUGPEWGR--*****,151108000000
SUGPEWH---*****,151109000000
SUGPEWHL--*****,151109010000
SUGPEWHM--*****,151109020000
SUGPEWHH--*****,151109030000
SUGPEWM---*****,151110000000
SUGPEWMA--*****,151111000000
SUGPEWMAS-*****,151111010000
SUGPEWMASR*****,151111020000
SUGPEWMASE*****,151111030000
SUGPEWMAI-*****,151111040000
SUGPEWMAIR*****,151111050000
SUGPEWMAIE*****,151111060000
SUGPEWMAL-*****,151111070000
SUGPEWMALR*****,151111080000
SUGPEWMALE*****,151111090000
SUGPEWMT--*****,151112000000
SUGPEWMTL-*****,151112010000
SUGPEWMTM-*****,151112020000
SUGPEWMTH-*****,151112030000
SUGPEWMS--*****,151113000000
SUGPEWMSS-*****,151113010000
SUGPEWMSI-*****,151113020000
SUGPEWMSL-*****,151113030000
SUGPEWO---*****,151114000000
SUGPEWOL--*****,151114010000
SUGPEWOM--*****,151114020000
SUGPEWOH--*****,151114030000
SUGPEWS---*****,151115000000
SUGPEWSL--*****,151115010000
SUGPEWSM--*****,151115020000
SUGPEWSH--*****,151115030000
SUGPEWX---*****,151116000000
SUGPEWXL--*****,151116010000
SUGPEWXM--*****,151116020000
SUGPEWXH--*****,151116030000
SUGPEWT---*****,151117000000
SUGPEWTL--*****,151117010000
SUGPEWTM--*****,151117020000
SUGPEWTH--*****,151117030000
SUGPEV----*****,151200000000
SUGPEVA---*****,151201000000
SUGPEVAI--*****,151201010000
SUGPEVAC--*****,151201020000
SUGPEVAA--*****,151201030000
SUGPEVUAA-*****,151201040000
SUGPEVUAA-*****,151201040000
SUGPEVAA--*****,151201050000
SUGPEVAA--*****,151201060000
SUGPEVAAR-*****,151201080000
SUGPEVAS--*****,151201090000
SUGPEVAL--*****,151201100000
SUGPEVAT--*****,151202000000
SUGPEVATL-*****,151202010000
SUGPEVATM-*****,151202020000
SUGPEVATH-*****,151202030000
SUGPEVATLR*****,151203010000
SUGPEVATMR*****,151203020000
SUGPEVATHR*****,151203030000
SUGPEVE---*****,151300000000
SUGPEVEB--*****,151301000000
SUGPEVEE--*****,151308000000
SUGPEVEA--*****,151309000000
SUGPEVEAT-*****,151309010000
SUGPEVEAA-*****,151309020000
SUGPEVEMV-*****,151310020000
SUGPEVEML-*****,151310030000
SUGPEVED--*****,151311000000
SUGPEVEDA-*****,151311010000
SUGPEVES--*****,151312000000
SUGPEVER--*****,151313000000
SUGPEVEH--*****,151314000000
SUGPEVEC--*****,151315000000
SUGPEVEF--*****,151316000000
SUGPEVU---*****,151401000000
SUGPEVUA--*****,151403000000
SUGPEVUB--*****,151405000000
SUGPEVUS--*****,151406000000
SUGPEVUSL-*****,151406010000
SUGPEVUSM-*****,151406020000
SUGPEVUSH-*****,151406030000
SUGPEVUL--*****,151407000000
SUGPEVUX--*****,151408000000
SUGPEVUR--*****,151411000000
SUGPEVUT--*****,151412000000
SUGPEVUTL-*****,151412010000
SUGPEVUTH-*****,151412020000
SUGPEVT---*****,151501000000
SUGPEVC---*****,151600000000
SUGPEVCA--*****,151601000000
SUGPEVCAL-*****,151601010000
SUGPEVCAM-*****,151601020000
SUGPEVCAH-*****,151601030000
SUGPEVCO--*****,151602000000
SUGPEVCOL-*****,151602010000
SUGPEVCOM-*****,151602020000
SUGPEVCOH-*****,151602030000
SUGPEVCM--*****,151603000000
SUGPEVCML-*****,151603010000
SUGPEVCMM-*****,151603020000
SUGPEVCMH-*****,151603030000
SUGPEVCU--*****,151604000000
SUGPEVCUL-*****,151604010000
SUGPEVCUM-*****,151604020000
SUGPEVCUH-*****,151604030000
SUGPEVCJ--*****,151605000000
SUGPEVCJL-*****,151605010000
SUGPEVCJM-*****,151605020000
SUGPEVCJH-*****,151605030000
SUGPEVCT--*****,151606000000
SUGPEVCTL-*****,151606010000
SUGPEVCTM-*****,151606020000
SUGPEVCTH-*****,151606030000
SUGPEVCF--*****,151607000000
SUGPEVCFL-*****,151607010000
SUGPEVCFM-*****,151607020000
SUGPEVCFH-*****,151607030000
OUIPI-----*****,151608000000
OUIPD-----*****,151609000000
EUOPDB----*****,151700000000
EUOPDEB---*****,151702000000
EUOPDFB---*****,151703000000
EUOPDJB---*****,151707000000
SUGPEVM---*****,151800000000
SUGPEVS---*****,151900000000
SUGPEVST--*****,151901000000
SUGPEVSR--*****,151902000000
SUGPEVSC--*****,151903000000
SUGPEVSP--*****,151904000000
SUGPEVSW--*****,151905000000
SUGPEXN---*****,152004000000
SUGPEXL---*****,152010000000
OUIPT-----*****,152013000000
EUOPAB----*****,152015000000
EUOPAF----*****,152015010000
SUGPEXM---*****,152101000000
SUGPEXMC--*****,152102000000
SUGPEXI---*****,152104000000
SUGPEXML--*****,152105000000
SUGPES----*****,152201000000
EUOPEA----*****,152201000100
EUOPEB----*****,152201000200
EUOPEC----*****,152201000400
EUOPED----*****,152201000500
EUOPEE----*****,152201000600
SUGPESE---*****,152202000000
SUGPESR---*****,152203000000
EUOPBB----*****,152300000000
EUOPAE----*****,152301000000
EUOPCB----*****,152302000000
SUGPIMA---H****,201101000000
SUGPIME---H****,201102000000
SUGPIMG---H****,201104000000
OULPB-----*****,201105000000
SUGPIRN---H****,201106000000
SUGPIRNB--H****,201106000100
SUGPIRNC--H****,201106000200
SUGPIRNN--H****,201106000300
SUGPIPD---H****,201106000500
SUGPIMC---H****,201106000001
SUGPIMC---H****,201106000002
SUGPIMN---H****,201107000000
SUGPIMNB--H****,201107010000
SUGPIE----H****,201108000000
SUGPIG----H****,201109000000
OULPG-----*****,201110000000
OULPM-----*****,201111000000
SUGPIRM---H****,201113000000
SUGPIMM---H****,201114000000
SUGPIMF---H****,201115000000
SUGPIMFA--H****,201115000005
SUGPIMFP--H****,201115000006
SUGPIMFS--H****,201115000007
SUGPIMFPW-H****,201115000008
OUIPS-----*****,201117000000
OULPW-----*****,201118000000
SUGPIC----H****,201119000000
SUGPICD---H****,201119010000
SUGPICT---H****,201119020000
SUGPIW----H****,201120000000
EUOPDC----H****,201121000000
EUOPDEC---H****,201121020000
EUOPDFC---H****,201121030000
EUOPDJC---H****,201121070000
EUOPDNC---H****,201121110000
EUOPBC----H****,201122000000
EUOPCE----H****,201122010000
EUOPAC----H****,201122020000
EUFPA-----H****,201201000000
EUFPAA----H****,201201010000
EUFPAB----H****,201201020000
EUFPAC----H****,201201030000
EUFPAD----H****,201201040000
EUOPBL----H****,201201050000
EUFPAE----H****,201201060000
EUFPAF----H****,201201070000
EUFPAG----H****,201201080000
EUFPB-----H****,201202000000
EUFPBA----*****,201202010000
EUFPBB----H****,201202020000
EUFPBC----H****,201202030000
EUFPBD----H****,201202050000
EUFPBE----H****,201202060000
EUFPBF----H****,201202070000
EUFPC-----H****,201203000000
EUFPCA----H****,201203010000
EUFPCB----H****,201203020000
EUFPCC----H****,201203030000
EUFPCD----H****,201203040000
EUFPCE----H****,201203050000
EUFPCF----H****,201203060000
EUFPCG----H****,201203070000
EUFPCH----H****,201203080000
EUFPCI----H****,201203090000
EUFPCJ----H****,201203100000
EUFPD-----H****,201204000000
EUFPDA----H****,201204010000
EUFPDB----H****,201204020000
SUGPIUE---H****,201205000000
SUGPIUEN--H****,201205010300
SUGPI-----H****,201100000000
SUGPIU----H****,201100000000
EUFPEA----H****,201205020000
EUFPEB----H****,201205030000
SUGPIRP---H****,201205050000
EUFPEE----H****,201205060000
EUFPF-----H****,201206000000
SUGPIX----H****,201207010000
SUGPIXH---H****,201207020000
EUFPG-----H****,201208000000
EUFPGA----H****,201208010000
SUGPIB----H****,201208020000
EUFPH-----H****,201209000000
EUFPHA----H****,201209010000
EUFPHB----H****,201209020000
EUFPI-----H****,201210000000
EUFPIA----H****,201210010000
EUFPIB----H****,201210020000
EUFPIC----H****,201210030000
EUFPID----H****,201210040000
EUFPJ-----H****,201211000000
EUFPJA----H****,201211010000
EUFPJB----H****,201211020000
EUFPJC----H****,201211030000
EUFPK-----H****,201212000000
EUFPK-----H****,201212010000
EUFPKB----H****,201212030000
SUGPIT----H****,201213000000
SUGPIBA---H****,201213010000
EUFPLA----H****,201213020000
EUFPLD----H****,201213030000
EUFPLE----H****,201213040000
EUFPLF----H****,201213050000
EUFPLH----H****,201213060000
EUFPLJ----H****,201213070000
EUFPLK----H****,201213080000
SUGPIBN---H****,201213090000
SUGPIMS---H****,201213100000
EUFPLM----H****,201213110000
EUFPLO----H****,201213120000
EUFPLP----H****,201213130000
EUFPMA----*****,201214010000
EUFPMB----H****,201214020000
EUFPMC----*****,201214030000
EUFPMD----H****,201214040000
EUFPME----H****,201214050000
EUFPMF----H****,201214060000
EUFPMG----H****,201214070000
EUFPMH----H****,201214080000
EUFPMI----H****,201214090000
SUGPIUP---H****,201214100000
G*GPGLL---****X,251102000000
G*GPSAO---****X,251201000000
G*GPSAN---****X,251202000000
G*GPSAT---****X,251203000000
G*GPGAZ---****X,251204000000
G*GPGPP---****X,251301000000
G*GPGPPA--****X,251302000000
G*GPGPPK--****X,251303000000
G*GPGPPC--****X,251305000000
G*GPGPPO--****X,251306000000
G*GPGPPD--****X,251307000000
G*OPES----****X,251308000000
G*GPGPPN--****X,251309000000
G*GPGPPL--****X,251311000000
G*GPGPPP--****X,251312000000
G*GPGPRI--****X,251313000000
G*GPGPPR--****X,251314000000
G*GPGPPE--****X,251315000000
G*GPGPPS--****X,251316000000
G*GPGPPW--****X,25131800
G*GPGLP---****X,25140300
G*GPDLF---****X,25140400
G*GPDLP---****X,25140500
G*GPOLKA--****X,25140601
G*GPOLKGM-****X,25140602
G*GPOLKGS-****X,25140603
G*GPOLF---****X,25140700
G*GPOLI---****X,25140800
G*GPOLL---****X,25140900
G*GPOLT---****X,25141000
G*GPOLC---****X,25141100
G*GPOLP---****X,25141200
G*GPSAA---****X,25141300
G*GPSLB---****X,25141400
G*GPSLH---****X,25141500
G*GPSLR---****X,25141600
G*GPSLA---****X,25141700
G*GPGAA---****X,25150200
G*GPGAD---****X,25150600
G*GPGAX---****X,25150700
G*GPGAL---****X,25150800
G*GPGAP---****X,25150900
G*GPGAF---****X,25151000
G*GPGAY---****X,25151100
G*GPDAB---****X,25151200
G*GPDABP--****X,25151202
G*MPSP----****X,25151203
G*TPJ-----****X,25151204
G*TPQ-----****X,25151205
G*GPGAE---****X,25151300
G*GPOLAV--****X,25151400
G*GPOLAA--****X,25151401
G*GPOLAR--****X,25151402
G*GPOLAGM-****X,25151403
G*GPOLAGS-****X,25151404
G*GPOAA---****X,25151500
G*GPOAK---****X,25151600
G*GPOAO---****X,25151700
G*GPSAE---****X,25151800
G*GPOAP---****X,25151900
G*GPOAF---****X,25152000
G*GPOAS---****X,25152100
G*GPGAS---****X,25152200
G*GPDPO---****X,25160100
G*GPDPOR--****X,25160201
G*GPDPOF--****X,25160202
G*GPDPON--****X,25160203
G*GPDPOS--****X,25160204
G*GPDPOC--****X,25160205
G*GPDPT---****X,25160300
G*GPOPP---****X,25160400
G*GPALC---****X,25170100
G*GPALL---****X,25170200
G*GPALM---****X,25170300
G*GPALS---****X,25170500
G*GPALU---****X,25170700
G*GPAAH---****X,25170900
G*GPAAR---****X,25171000
G*GPAAM---****X,25171600
G*GPAAML--****X,25171700
G*GPAAMH--****X,25171800
G*GPAAF---****X,25171900
G*GPAAW---****X,25172000
G*GPGPA---****X,25180000
G*GPAPP---****X,25180100
G*GPAPC---****X,25180200
G*GPAPD---****X,25180300
G*GPAPU---****X,25180400
G*GPGPAT--****X,25180600
G*GPGPAP--****X,25180700
G*GPGPAW--****X,25180800
G*GPGPAA--****X,25180900
G*GPGPAS--****X,25181000
G*GPGPAL--****X,25181100
G*GPGPAK--****X,25181200
G*GPGPAH--****X,25181300
G*GPGPAB--****X,25181400
G*GPGPAC--****X,25181500
G*GPGPAD--****X,25181600
G*GPGPAE--****X,25181700
G*GPGPAO--****X,25181800
G*GPGPAR--****X,25181900
G*GPGPAF--****X,25182000
G*GPGPAG--****X,25182100
G*GPGPAI--****X,25182200
G*GPGPAJ--****X,25182300
G*GPGPAM--****X,25182400
G*GPGPAN--****X,25182500
G*GPGPWA--****X,25210200
G*GPGPWD--****X,25210400
G*GPGPWE--****X,25210500
G*GPGPWG--****X,25210700
G*GPGPWI--****X,25210800
G*GPGPWP--****X,25210900
G*GPGPWM--****X,25211100
G*GPGPUUB-****X,25211400
G*GPGPUUD-****X,25211500
G*GPGPUUL-****X,25212000
G*GPGPUUS-****X,25212100
G*OPFA----****X,25212300
G*OPFE----****X,25212400
G*OPFO----****X,25212600
G*GPGPF---****X,25212700
G*GPGPH---****X,25212800
G*GPGPHA--****X,25212901
G*GPGPHQ--****X,25212902
G*GPGPHX--****X,25212903
G*GPGPHY--****X,25212904
G*GPGPUSD-****X,25213000
G*GPGPUS--****X,25213100
G*GPGPUSA-****X,25213200
G*GPGPUSC-****X,25213300
G*GPGPUY--****X,25213500
G*GPGPUYA-****X,25213501
G*GPGPUYT-****X,25213502
G*GPGPUYB-****X,25213504
G*GPGPUYC-****X,25213506
G*GPGPUYD-****X,25213507
G*GPGPUYS-****X,25213508
G*GPGPUYX-****X,25213510
G*GPGPUYK-****X,25213511
G*GPGPUYL-****X,25213512
G*GPGPUYP-****X,25213513
G*GPGPUYR-****X,25213514
G*GPGPUYV-****X,25213515
G*GPGPR---****X,25213600
G*GPGPRS--****X,25213700
G*GPGPRN--****X,25213800
G*GPGPRD--****X,25213900
G*GPGPRC--****X,25214200
G*GPGPRM--****X,25214400
G*GPGPRP--****X,25214500
G*GPGPRW--****X,25214800
G*GPGPB---****X,25214900
G*GPGPBS--****X,25215000
G*GPGPBSA-****X,25215100
G*GPGPBU--****X,25215200
G*GPGPBUA-****X,25215300
G*GPGPBUM-****X,25215400
G*GPGPBUS-****X,25215500
G*GPGPC---****X,25215600
G*GPGPCA--****X,25215700
G*GPGPCM--****X,25215800
G*GPGPCN--****X,25215900
G*GPGPCP--****X,25216000
G*GPGPCR--****X,25216100
G*GPGPCE--****X,25216200
G*GPGPCC--****X,25216300
G*GPGPCS--****X,25216400
G*GPGPCU--****X,25216500
G*GPGPCUA-****X,25216600
G*GPGPCUM-****X,25216700
G*GPGPCUR-****X,25216800
G*GPGPCUS-****X,25216900
G*GPGPO---****X,25217100
G*GPGPOD--****X,25217200
G*GPGPOP--****X,25217300
G*GPGPOR--****X,25217500
G*GPGPOZ--****X,25217600
G*GPGPOW--****X,25217700
G*OPEV----****X,25218000
G*OPED----****X,25218100
G*OPEP----****X,25218200
G*OPHI----****X,25218300
G*OPHN----****X,25218400
G*OPHO----****X,25218500
G*OPHM----****X,25218600
G*OPSBN---****X,25218700
G*OPSBM---****X,25218800
G*OPSM----****X,25218900
G*OPSS----****X,25219000
G*OPSBX---****X,25219100
G*OPSBW---****X,25219200
G*OPB-----****X,25220100
G*OPBE----****X,25220101
G*OPBA----****X,25220103
G*OPBT----****X,25220105
G*OPBO----****X,25220106
G*FPACAI--****X,25240101
G*FPACAR--****X,25240102
G*FPACAC--****X,25240103
G*FPACFI--****X,25240201
G*FPACFR--****X,25240202
G*FPACFC--****X,25240203
G*FPACNI--****X,25240301
G*FPACNR--****X,25240302
G*FPACNC--****X,25240303
G*FPACRI--****X,25240401
G*FPACRR--****X,25240402
G*FPACRC--****X,25240403
G*FPACPR--****X,25240501
G*FPACPC--****X,25240502
G*FPPTS---****X,25240601
G*FPPTN---****X,25240602
G*FPLT----****X,25240701
G*FPLTS---****X,25240702
G*FPLTF---****X,25240703
G*FPAT----****X,25240801
G*FPATR---****X,25240802
G*FPATC---****X,25240803
G*FPATG---****X,25240805
G*FPATS---****X,25240806
G*FPATB---****X,25240808
G*FPPCF---****X,25240900
G*FPACSI--****X,25241001
G*FPACSR--****X,25241002
G*FPACSC--****X,25241003
G*FPAZII--****X,25241101
G*FPAZIR--****X,25241102
G*FPAZIC--****X,25241103
G*FPAZXI--****X,25241201
G*FPAZXR--****X,25241202
G*FPAZXC--****X,25241203
G*FPAZCI--****X,25241301
G*FPAZCR--****X,25241302
G*FPAZCC--****X,25241303
G*FPAZFI--****X,25241401
G*FPAZFR--****X,25241402
G*FPAZFC--****X,25241403
G*FPACDI--****X,25241501
G*FPACDR--****X,25241502
G*FPACDC--****X,25241503
G*FPACEI--****X,25241601
G*FPACER--****X,25241602
G*FPACEC--****X,25241603
G*FPACBI--****X,25241701
G*FPACBR--****X,25241702
G*FPACBC--****X,25241703
G*FPACVI--****X,25241801
G*FPACVR--****X,25241802
G*FPACVC--****X,25241803
G*FPACZI--****X,25241901
G*FPACZR--****X,25241902
G*FPACZC--****X,25241903
G*FPACT---****X,25242000
G*FPAXC---****X,25242100
G*FPAXS---****X,25242200
G*F-AKBI--****X,25242301
G*F-AKBR--****X,25242302
G*F-AKBC--****X,25242303
G*F-AKPI--****X,25242304
G*F-AKPR--****X,25242305
G*F-AKPC--****X,25242306
G*FPPCB---****X,25250100
G*FPPCH---****X,25250200
G*FPPCL---****X,25250300
G*FPPCR---****X,25250400
G*FPPCS---****X,25250500
G*FPLCF---****X,25260100
G*FPLCC---****X,25260200
G*FPLCN---****X,25260300
G*FPLCR---****X,25260500
G*FPLCM---****X,25260600
G*MPOGB---****X,25270100
G*MPOGZ---****X,25270200
G*MPOGF---****X,25270300
G*MPOGR---****X,25270400
G*MPOEB---****X,25270501
G*MPOED---****X,25270502
G*MPOEF---****X,25270503
G*MPOET---****X,25270504
G*MPBDE---****X,25270601
G*MPBDD---****X,25270602
G*MPBDI---****X,25270603
G*MPOFS---****X,25270700
GFMPOFS---****X,25270701
G*MPOFD---****X,25270707
G*MPOFA---****X,25270800
G*MPOU----****X,25271000
G*MPOFG---****X,25271100
G*MPORP---****X,25271201
G*MPORS---****X,25271202
G*MPORA---****X,25271203
G*MPORC---****X,25271204
G*MPBCA---****X,25271300
G*MPBCE---****X,25271500
G*MPBCD---****X,25271600
G*MPNB----****X,25271700
G*MPNC----****X,25271800
G*MPNR----****X,25271900
G*MPNM----****X,25272100
G*MPNL----****X,25272200
G*MPOS----****X,25280100
G*MPOMP---****X,25280200
G*MPOME---****X,25280201
G*MPOMT---****X,25280300
G*MPOMD---****X,25280400
G*MPOMW---****X,25280500
G*MPOMU---****X,25280600
G*MPOB----****X,25280700
G*MPBCP---****X,25280800
G*MPSE----****X,25280900
G*MPSS----****X,25281000
G*MPSU----****X,25281100
G*MPSF----****X,25281200
G*MPNEC---****X,25281300
G*MPNEB---****X,25281400
G*MPNZ----****X,25281500
G*MPNF----****X,25281600
G*MPNDP---****X,25281800
G*MPNDA---****X,25281801
G*MPNDE---****X,25281802
G*MPNDT---****X,25281803
G*MPNDB---****X,25281804
G*MPNDO---****X,25281805
G*MPNDD---****X,25281806
G*MPOAOF--****X,25281901
G*MPOAOM--****X,25281902
G*MPOAOP--****X,25281903
G*MPOHTL--****X,25282001
G*MPOHTH--****X,25282002
G*MPOHO---****X,25282003
G*MPOGL---****X,25290100
G*MPOADU--****X,25290201
G*MPOADC--****X,25290202
G*MPOAR---****X,25290203
G*MPOAW---****X,25290204
G*MPOWU---****X,25290301
G*MPOWS---****X,25290302
G*MPOWD---****X,25290303
G*MPOWA---****X,25290304
G*MPOWL---****X,25290305
G*MPOWH---****X,25290306
G*MPOWCS--****X,25290307
G*MPOWCD--****X,25290308
G*MPOWCT--****X,25290309
G*MPOMC---****X,25290400
G*MPOT----****X,25290500
G*MPBCL---****X,25290600
G*MPBCF---****X,25290700
G*MPBCR---****X,25290800
G*MPSL----****X,25290900
G*MPSW----****X,25291000
G*SPAD----****X,25310100
G*SPAE----****X,25310200
G*SPAR----****X,25310300
G*SPAH----****X,25310400
G*SPASR---****X,25310500
G*SPASB---****X,25310600
G*SPASD---****X,25310700
G*SPPX----****X,25320100
G*SPPAS---****X,25320200
G*SPPAT---****X,25320300
G*SPPC----****X,25320400
G*SPPY----****X,25320500
G*SPPT----****X,25320600
G*SPPD----****X,25320700
G*SPPE----****X,25320800
G*SPPL----****X,25320900
G*SPPM----****X,25321000
G*SPPP----****X,25321100
G*SPPR----****X,25321200
G*SPPU----****X,25321300
G*SPPO----****X,25321400
G*SPPI----****X,25321500
G*SPPN----****X,25321600
G*SPPSZ---****X,25321700
G*SPPSA---****X,25321707
G*SPPSB---****X,25321708
G*SPPSC---****X,25321709
G*SPPSD---****X,25321710
G*SPPSE---****X,25321711
G*SPPSF---****X,253217120000
G*SPPSG---****X,253217130000
G*SPPSH---****X,253217140000
G*SPPSI---****X,253217150000
G*SPPSJ---****X,253217160000
G*SPLCM---****X,253301000000
G*SPLCH---****X,253302000000
G*SPLRM---****X,253303000000
G*SPLRO---****X,253303010000
G*SPLRW---****X,253303020000
G*SPLRA---****X,253304000000
G*SPLRT---****X,253304030000
G*TPB-----****X,253401000000
G*TPH-----****X,253402000000
G*TPY-----****X,253403000000
G*TPC-----****X,253404000000
G*TPX-----****X,253405000000
G*TPK-----****X,253406000000
G*TPKF----****X,253407000000
G*TPL-----****X,253408000000
G*TPD-----****X,253409000000
G*TPT-----****X,253410000000
G*TPF-----****X,253411000000
G*TPA-----****X,253412000000
G*TPAS----****X,253413000000
G*TPI-----****X,253414000000
G*TPE-----****X,253415000000
G*TPN-----****X,253416000000
G*TPO-----****X,253417000000
G*TPP-----****X,253418000000
G*TPR-----****X,253419000000
G*TPM-----****X,253420000000
G*TPS-----****X,253421000000
G*TPUC----****X,253422010000
G*TPUG----****X,253422020000
G*TPUS----****X,253422030000
G*TPZ-----****X,253423000000
G*TPW-----****X,253424000000
G*TPWP----****X,253425000000
G*TP2-----****X,253426000000
G*TPV-----****X,253427000000
G*TPG-----****X,253428000000
SUSP------*****,301200000000
SUSPC-----*****,301200000000
SUSPCLCV--*****,301201000000
SUSPCL----*****,301202000000
SUSPCLBB--*****,301202010000
SUSPCLCC--*****,301202020000
SUSPCLDD--*****,301202030000
SUSPCLFF--*****,301202040000
SUSPCLLL--*****,301202060000
SUSPCLLLAS*****,301202060300
SUSPCLLLMI*****,301202061000
SUSPCLLLSU*****,301202061300
SUSPCA----*****,301203000000
SUSPCALA--*****,301203020000
SUSPCALS--*****,301203070000
SUSPCALSM-*****,301203070004
SUSPCALST-*****,301203070007
SUSPCALC--*****,301203080000
SUSPCM----*****,301204000000
SUSPCMML--*****,301204010000
SUSPCMMS--*****,301204020000
SUSPCMMH--*****,301204040000
SUSPCMMA--*****,301204060000
SUSPCP----*****,301205000000
SUSPCPSU--*****,301205000013
SUSPCPSUT-*****,31205000017
SUSPCPSB--*****,301205010000
SUSPCPSUG-*****,301205020000
SUSPCD----*****,301206000000
SUSPCU----*****,301207000000
SUSPCUS---*****,301207000300
SUSPCUM---*****,301207000700
SUSPCUR---*****,301207001100
SUSPCUN---*****,301207001300
SUSPG-----*****,301210000000
SUSPGT----*****,301210020000
SUSPGG----*****,301210030000
SUSPGU----*****,301210040000
SUSPGC----*****,301210050000
SUSPN-----*****,301300000000
SUSPNI----*****,301301040000
SUSPNM----*****,301301070000
SUSPNR----*****,301301110000
SUSPNF----*****,301301120000
SUSPNS----*****,301302000000
SUSPXM----*****,301401000000
SUSPXMC---*****,301401010000
SUSPXMR---*****,301401040000
SUSPXMF---*****,301401050000
SUSPXH----*****,301401070000
SUSPXMO---*****,301401090000
SUSPXMP---*****,301401100000
SUSPXMTU--*****,301401110000
SUSPXMTO--*****,301401120000
SUSPXMH---*****,301401130000
SUSPXF----*****,301402000000
SUSPXFDF--*****,301402010000
SUSPXFTR--*****,301402020000
SUSPXFDR--*****,301402030000
SUSPXL----*****,301403000000
SUSPXR----*****,301404000000
SUSPXA----*****,301405000000
SUSPXAR---*****,301405010000
SUSPXAS---*****,301405020000
SUSPXP----*****,301406000000
SUSPO-----*****,301500000000
SUUP------*****,351000000000
SUUPS-----*****,351101000000
SUUPS1----*****,351101001300
SUUPS2----*****,351101001400
SUUPS3----*****,351101001500
SUUPS4----*****,351101001600
SUUPSL----*****,351101001700
SUUPSF----*****,351101010000
SUUPSR----*****,351101011800
SUUPSB----*****,351101030000
SUUPSO----*****,351102000000
SUUPSX----*****,351103000000
SUUPSU----*****,351104000000
SUUPSUS---*****,351104000100
SUUPSUM---*****,351104000500
SUUPND----*****,351203000000
SUUPW-----*****,351300000000
SUUPWT----*****,351301000000
SUUPWD----*****,351303000000
SUUPWM----*****,361100000000
SUUPWMG---*****,361101000000
SUUPWMM---*****,361102000000
SUUPWMF---*****,361103000000
SUUPWMS---*****,361104000000
SUUPWMO---*****,361105000000
SUUPWMX---*****,361108000000
SUUPWMGX--*****,361108010000
SUUPWMMX--*****,361108020000
SUUPWMFX--*****,361108030000
SUUPWMSX--*****,361108040000
SUUPWMD---*****,361109000000
SUUPWMGD--*****,361109010000
SUUPWMMD--*****,361109020000
SUUPWMFD--*****,361109030000
SUUPWMSD--*****,361109040000
SUUPWMOD--*****,361109050000
SUUPX-----*****,361200000000
SUUPWDM---*****,361300000000
SUUPWDMG--*****,361301000000
SUUPWDMM--*****,361302000000
SUUPWME---*****,361500000000
SUUPWMGE--*****,361501000000
SUUPWMME--*****,361502000000
SUUPWMFE--*****,361503000000
SUUPWMR---*****,361600000000
SUUPWMGR--*****,361601000000
SUUPWMMR--*****,361602000000
SUUPWMFR--*****,361603000000
SUUPWMB---*****,361700000000
SUUPWMBD--*****,361701000000
SUUPWMA---*****,361800000000
SUUPWMN---*****,361900000000
SUUPWMGO--*****,361901000000
SUUPWMMO--*****,361902000000
SUUPWMFO--*****,361903000000
SUUPE-----*****,362000000000
SUUPV-----*****,362100000000
EUIPB-----*****,401101000000
OUOPA-----*****,401101010000
OUVPA-----*****,401101020000
OUOPKA----*****,401101030500
OURPA-----*****,401101030800
OUVPD-----*****,401101040000
OUOPU-----*****,401101050000
OUOPE-----*****,401101060000
OUIPG-----*****,401101070000
OUVPM-----*****,401101080000
OUVPMC----*****,401101080100
OUVPMB----*****,401101080200
OUVPMA----*****,401101080600
OUVPP-----*****,401101090000
EUIPAC----*****,401101100000
OUVPY-----*****,401101110000
OUOPV-----*****,401101120000
OUOPI-----*****,401101130000
OUIPV-----*****,401101140000
OUOPJ-----*****,401101150000
OUOPB-----*****,401101160000
OUOPT-----*****,401101170000
OUOP2-----*****,401101180000
OUOPX-----*****,401101190000
OUOPW-----*****,401101200000
OUPPD-----*****,401101210000
OUOPG-----*****,401101220000
OUOPZ-----*****,401101230000
OUVPB-----*****,401102000000
EUIPBA----*****,401102010000
EUIPBF----*****,401104000000
OUVPS-----*****,401104010000
OUOPUT----*****,401105010000
OULPE-----H****,401105020000
OUVPE-----*****,401106000000
OUVPEG----*****,401106010000
OUVPEN----*****,401106020000
OUVPEM----*****,401106030000
OUVPEO----*****,401106040000
OUVPER----*****,401106050000
EUIPBC----*****,401106060000
EUIPA-----*****,401200000000
OUOPD-----*****,401201000000
OUOPP-----*****,401301000000
OUOPY-----*****,401302000000
OUOPYH----*****,401302000400
OUOPYW----*****,401302000900
OUOPYT----*****,401302010000
OUOPF-----*****,401303000000
OUOPRW----*****,401304010000
OUOPRC----*****,401304020000
OUOPM-----*****,401305000000
OUOPS-----*****,401306000000
OUOPQ-----*****,401307000000
OUPPG-----*****,401308000000
OUPPH-----*****,401309000000
OUIPM-----*****,401310000000
OULPF-----H****,401310010000
OUOPN-----*****,401311000000
EUOPB-----*****,401312000000
EUOPBD----*****,401312010000
OUOPO-----*****,401312020000
EUOPBE----H****,401312030000
EUOPBF----H****,401312040000
EUOPBG----H****,401312050000
EUOPBH----H****,401312060000
EUOPBI----H****,401312070000
EUOPBK----H****,401312080000
EUOPA-----*****,401313000000
EUOPAD----H****,401313010000
EUOPAG----H****,401313020000
EUOPAJ----H****,401313030000
EUOPAK----H****,401313040000
EUOPAL----H****,401313050000
EUOPAM----H****,401313060000
EUOPCC----*****,401314010000
EUOPCE----*****,401314020000
EUOPCD----H****,401314030000
EUOPD-----*****,401315000000
EUOPDE----*****,401315020000
EUOPDF----*****,401315030000
EUOPDJ----*****,401315070000
EUOPDK----H****,401315080000
EUOPDN----*****,401315110000
OUIPF-----*****,401315130000
EUIPC-----*****,401400000000
EUIPCC----*****,401401000000
EUIPCF----*****,401402000000
EUIPCA----*****,401403000000
EUIPCB----*****,401404000000
EUIPCD----*****,401405000000
EUIPCE----*****,401406000000
EUIPCG----*****,401407000000
EUIPCH----*****,401408000000
EUIPD-----*****,401501000000
EUIPDA----*****,401501010000
EUIPDB----*****,401501020000
EUIPDC----*****,401501030000
EUIPDD----*****,401501040000
EUIPDE----*****,401501050000
EUIPDF----*****,401501060000
EUIPDG----*****,401501070000
EUIPDH----*****,401501080000
EUIPDI----*****,401501090000
EUIPDJ----*****,401501100000
EUIPDK----*****,401501110000
EUIPDL----*****,401501120000
EUIPDM----*****,401501130000
EUIPDN----*****,401501140000
EUIPDO----*****,401501150000
EUIPEA----*****,401601001600
OUOPHA----*****,401601000300
EUIPE-----*****,401601001700
EUIPFA----*****,401602001600
OUOPHV----*****,401602000300
EUIPF-----*****,401602001700
EUIPGA----*****,401603001600
EUIPGB----*****,401603000300
EUIPG-----*****,401603001700
EUIPHA----*****,401604001600
OUOPHT----*****,401604000300
EUIPH-----*****,401604001700
OUVPEV----*****,401605000000
E*NPAA----*****,401701010000
E*NPAB----*****,401701020000
E*NPAC----*****,401701030000
E*NPAD----*****,401701040000
E*NPAE----*****,401701050000
WAS-WSVE--P----,401701060000
E*NPAG----*****,401701070000
OULPN-----H****,401701080000
E*NPBB----*****,401702010000
E*NPBC----*****,401702020000
E*NPBM----*****,401702030000
E*NPCA----*****,401703010000
E*NPCB----*****,401703020000
E*NPCC----*****,401703030000
E*NPCD----*****,401703040000
E*NPCE----*****,401703050000
OUPPAR----*****,401801000000
OUPPE-----*****,401802000000
WAS-PL----P----,451101000000
WAS-PC----P----,451101010000
WAS-PLT---P----,451101020000
WAS-PH----P----,451102000000
WAS-PA----P----,451102010000
WAS-PHT---P----,451101020000
WA-DPFC----L---,451103010000
WA-DPFCU---L---,451103020000
WA-DPFC-FG-L---,451102030000
WA-DPFC-FY-L---,451101040000
WA-DPFW----L---,451103050000
WA-DPFWU---L---,451103060000
WA-DPFW-FG-L---,451103070000
WA-DPFW-FY-L---,451103080000
WA-DPFO----L---,451103090000
WA-DPFOU---L---,451103100000
WA-DPFO-FY-L---,451103110000
WA-DPFS----L---,451103120000
WA-DPFSU---L---,451103130000
WA-DPFS-FG-L---,451103140000
WA-DPFS-FY-L---,451103150000
WA-DPXT----L---,451104020000
WA-DPXR----L---,451104030000
WA-DPXSQ---L---,451104040000
WA-DPXIL---L---,451104050000
WA-DPXSH---L---,451104060000
WA-DPXITCZ-L---,451104070000
WA-DPXCV---L---,451104080000
WA-DPXITD--L---,451104090000
WAS-TL----P----,451201000000
WAS-TM----P----,451202000000
WAS-TS----P----,451203000000
WAS-TE----P----,451204000000
WAS-T-MW--P----,451205000000
WAS-ICL---P----,451301010000
WAS-ICM---P----,451301020000
WAS-ICS---P----,451301030000
WAS-IRL---P----,451302010000
WAS-IRM---P----,451302020000
WAS-IRS---P----,451302030000
WAS-IML-P------,451303010000
WAS-IMM-P------,451303020000
WAS-IMS-P------,451303030000
WAS-WC----P----,451401000000
WAS-WP----P----,451402000000
WA-DWJ-----L---,451403000000
WA-DWS-----L---,451404000000
WAS-CCCSCSP----,451501010000
WAS-CCCSFCP----,451501020000
WAS-CCCSSCP----,451501030000
WAS-CCCSBCP----,451501040000
WAS-CCCSOCP----,451501050000
WAS-CCCSOBP----,451501060000
WAS-WSR-LIP----,451601010000
WAS-WSR-LCP----,451601020000
WAS-WSR-MIP----,451601030000
WAS-WSR-MCP----,451601040000
WAS-WSR-HIP----,451601050000
WAS-WSR-HCP----,451601060000
WAS-WSRFL-P----,451602010000
WAS-WSRFMHP----,451602020000
WAS-WSRSL-P----,451603010000
WAS-WSRSMHP----,451603020000
WAS-WSRST-P----,451603030000
WAS-WSD-LIP----,451604010000
WAS-WSD-LCP----,451604020000
WAS-WSD-MIP----,451604030000
WAS-WSD-MCP----,451604040000
WAS-WSD-HIP----,451604050000
WAS-WSD-HCP----,451604060000
WAS-WSDFL-P----,451605010000
WAS-WSDFMHP----,451605020000
WAS-WSM-L-P----,451606010000
WAS-WSM-MHP----,451606020000
WAS-WSMSL-P----,451606030000
WAS-WSMSMHP----,451606040000
WAS-WSS-LIP----,451607010000
WAS-WSS-LCP----,451607020000
WAS-WSS-MIP----,451607030000
WAS-WSS-MCP----,451607040000
WAS-WSS-HIP----,451607050000
WAS-WSS-HCP----,451607060000
WAS-WSSBLMP----,451607070000
WAS-WSSBH-P----,451607080000
WAS-WSSG--P----,451608000000
WAS-WSSSL-P----,451609010000
WAS-WSSSMHP----,451609020000
WAS-WSGRL-P----,451610010000
WAS-WSGRMHP----,451610020000
WAS-WSIC--P----,451611000000
WAS-WSPLL-P----,451612010000
WAS-WSPLM-P----,451612020000
WAS-WSPLH-P----,451612030000
E*NPBF----*****,451613000000
WAS-WST-NPP----,451614010000
WAS-WSTMR-P----,451614020000
WAS-WSTHR-P----,451614030000
WAS-WSTMH-P----,451614040000
WAS-WSTHH-P----,451614050000
WAS-WST-FCP----,451614060000
WAS-WST-SQP----,451614070000
WAS-WST-LGP----,451614080000
WAS-WSFGPSP----,451615010000
WAS-WSFGCSP----,451615020000
WAS-WSFGP-P----,451615030000
WAS-WSFGSVP----,451615040000
WAS-WSFGSOP----,451615050000
WAS-WSFGFVP----,451615060000
WAS-WSFGFOP----,451615070000
WAS-WSBR--P----,451616000000
WAS-WSFU--P----,451617000000
WAS-WSHZ--P----,451618000000
WAS-WSDSLMP----,451619010000
WAS-WSDSS-P----,451619020000
WAS-WSDD--P----,451619030000
WAS-WSDB--P----,451619040000
WAS-WSTSD-P----,451620010000
WAS-WSTSS-P----,451620020000
WAS-WSTSH-P----,451620030000
WA-DWSTSWA--A--,451620040000
WAS-WSVE--P----,451621000000
WAS-WSVA--P----,451621010000
WAS-WST-LVP----,451622000000
WAS-WSF-LVP----,451623000000
WAS-WSUKP-P----,451624000000
WA-DBAIF----A--,451701000000
WA-DBAMV----A--,451702000000
WA-DBATB----A--,451703000000
WA-DBAI-----A--,451704000000
WA-DBALPNC--A--,451705000000
WA-DBALPC---A--,451705010000
WA-DBAFP----A--,451706000000
WA-DBAT-----A--,451707000000
WA-DBAFG----A--,451708000000
WA-DBAD-----A--,451709000000
WA-DBAFF----A--,451710000000
WA-DIPIB---L---,451801000000
WA-DIPCO---L---,451802000000
WA-DIPIS---L---,451803000000
WA-DIPIT---L---,451804000000
WA-DIPID---L---,451805000000
WA-DIPTH---L---,451806000000
WA-DIPFF---L---,451807000000
WAS-GND-NCP----,451901010000
WAS-GNM---P----,451901020000
WAS-GNW-SWP----,451901030000
WAS-GNFL--P----,451901040000
WAS-GNFZ--P----,451901050000
WAS-GNG-TIP----,451901060000
WAS-GNLDN-P----,451901070000
WAS-GNLDTCP----,451901080000
WAS-GNLDMCP----,451901090000
WAS-GNDEWCP----,451901100000
WAS-GSI---P----,451902010000
WAS-GSSCL-P----,451902020000
WAS-GSSCH-P----,451902030000
WAS-GSSCCEP----,451902040000
WAS-GSSCCUP----,451902050000
WAS-GSSLL-P----,451902060000
WAS-GSSLH-P----,451902070000
WAS-GSSLCEP----,451902080000
WAS-GSSLCUP----,451902090000
WAS-GSSDC-P----,451902100000
WOS-IB----P----,461101000000
WOS-IBM---P----,461101010000
WOS-IBBS--P----,461101020000
WOS-IBG---P----,461101030000
WOS-IBMG--P----,461101040000
WOS-IBBB--P----,461101050000
WOS-IBBBM-P----,461101060000
WOS-IBGL--P----,461101070000
WOS-IBGLM-P----,461101080000
WOS-IBF---P----,461101090000
WOS-IBII--P----,461101100000
WOS-ICWB--P----,461102010000
WOS-ICWR--P----,461102020000
WOS-ICIF--P----,461102030000
WOS-IDC---P----,461103010000
WOS-IDD---P----,461103020000
WOS-IDS---P----,461103030000
WO-DIDID---L---,461103040000
WOS-II----P----,461104000000
WOS-IITM--P----,461104010000
WOS-IITE--P----,461104020000
WOS-IIP---P----,461104030000
WO-DILOV---L---,461105010000
WO-DILUC---L---,461105020000
WO-DILOR---L---,461105030000
WO-DILIEO--L---,461105040000
WO-DILIEE--L---,461105050000
WO-DILIER--L---,461105060000
WO-DIOC----L---,461106010000
WO-DIOCS---L---,461106020000
WO-DIOL----L---,461106030000
WO-DIOLF---L---,461106040000
WOS-ISC---P----,461107000000
WOS-ISS---P----,461107010000
WOS-ITRH--P----,461108010000
WOS-ITR---P----,461108020000
WOS-ITBB--P----,461108030000
WOS-HDS---P----,461201010000
WO-DHDDL---L---,461201020000
WO-DHDDC---L---,461201030000
WO-DHDDA----A--,461201040000
WO-DHCC----L---,461202010000
WO-DHCI-----A--,461202020000
WO-DHCB-----A--,461202030000
WO-DHCW-----A--,461202040000
WO-DHCF----L---,461202050000
WO-DHCF-----A--,461202060000
WOS-HPB-O-P----,461203020000
WOS-HPB-A-P----,461203030000
WOS-HPBA--P----,461203040000
WO-DHPBA---L---,461203050000
WO-DHPBA----A--,461203060000
WOS-HPCP--P----,461203070000
WO-DHPBP---L---,461203080000
WOS-HPFH--P----,461203090000
WOS-HPFS--P----,461203100000
WOS-HPFS---L---,461203110000
WOS-HPFF----A--,461203120000
WO-DHPMD----A--,461203140000
WOS-HPML--P----,461203150000
WO-DHPMO--P----,461203160000
WO-DHPMO---L---,461203170000
WO-DHPMO----A--,461203180000
WO-DHPMRA--L---,461203190000
WO-DHPMRB--L---,461203200000
WOS-HPM-R-P----,461203210000
WOS-HPM-FC-L---,461203220000
WOS-HPM-CC-L---,461203230000
WOS-HPD---P----,461203240000
WO-DHPSPA--L---,461203260000
WO-DHPSPB--L---,461203270000
WO-DHPSPS--L---,461203280000
WOS-HABA--P----,461204010000
WOS-HABB--P----,461204020000
WOS-HABM--P----,461204030000
WOS-HABP--P----,461204040000
WO-DHABP----A--,461204050000
WOS-HAL---P----,461204060000
WO-DHALLA--L---,461204070000
WOS-HALV--P----,461204080000
WOS-HALH--P----,461204090000
WOS-HHRS--P----,461205010000
WOS-HHRA--P----,461205020000
WO-DHHD-----A--,461205030000
WOS-HHDF--P----,461205040000
WO-DHHDF----A--,461205050000
WO-DHHDK--P----,461205060000
WO-DHHDK----A--,461205070000
WOS-HHDS--P----,461205080000
WOS-HHDWA-P----,461205090000
WOS-HHDWB-P----,461205100000
WO-DHHDB---L---,461205110000
WOS-HHDR---L---,461205120000
WOS-HHDE--P----,461205130000
WO-DHHDD----A--,461205140000
WOS-BFC-S-P----,461206010000
WOS-BFC-M-P----,461206020000
WOS-BFC-CLP----,461206030000
WOS-BFC-SIP----,461206040000
WOS-BFC-STP----,461206050000
WOS-BFC-G-P----,461206060000
WOS-BFC-P-P----,461206070000
WOS-BFC-CBP----,461206080000
WOS-BFC-R-P----,461206090000
WOS-BFC-COP----,461206100000
WOS-BFC-SHP----,461206110000
WOS-BFQ-F-P----,461206120000
WOS-BFQ-M-P----,461206130000
WOS-BFQ-C-P----,461206140000
WOS-TCCW--P----,461207010000
WO-DTCCCFE-L---,461207020000
WO-DTCCCFF-L---,461207030000
WOS-TCCTD-P----,461207040000
WOS-TCCTG-P----,461207050000
WO-DOBVA----A--,461301010000
WO-DOBVB----A--,461301020000
WO-DOBVC----A--,461301030000
WO-DOBVD----A--,461301040000
WO-DOBVE----A--,461301050000
WO-DOBVF----A--,461301060000
WO-DOBVG----A--,461301070000
WO-DOBVH----A--,461301080000
WO-DOBVI----A--,461301090000
WO-DBSF-----A--,461302010000
WO-DBSG-----A--,461302020000
WO-DBSM-----A--,461302030000
WO-DBST-----A--,461302040000
WO-DGMSR----A--,461401010000
WO-DGMSC----A--,461401020000
WO-DGMSSVS--A--,461401030000
WO-DGMSSC---A--,461401040000
WO-DGMSSM---A--,461401050000
WO-DGMSSF---A--,461401060000
WO-DGMSSVF--A--,461401070000
WO-DGMSIVF--A--,461401080000
WO-DGMSIF---A--,461401090000
WO-DGMSIM---A--,461401100000
WO-DGMSIC---A--,461401110000
WO-DGMSB----A--,461401120000
WO-DGMS-CO--A--,461401130000
WO-DGMS-PH--A--,461401140000
WO-DGMS-SH--A--,461401150000
WO-DGML-----A--,461401160000
WO-DGMN-----A--,461401170000
WO-DGMRS----A--,461401180000
WO-DGMRM----A--,461401190000
WO-DGMRR----A--,461401200000
WO-DGMCL----A--,461401210000
WO-DGMCM----A--,461401220000
WO-DGMCH----A--,461401230000
WO-DGMIBA---A--,461401240000
WO-DGMIBB---A--,461401250000
WO-DGMIBC---A--,461401260000
WO-DGMIBD---A--,461401270000
WO-DGMIBE---A--,461401280000
WO-DGMBCA---A--,461401290000
WO-DGMBCB---A--,461401300000
WO-DGMBCC---A--,461401310000
WO-DGMBTA---A--,461401320000
WO-DGMBTB---A--,461401330000
WO-DGMBTC---A--,461401340000
WO-DGMBTD---A--,461401350000
WO-DGMBTE---A--,461401360000
WO-DGMBTF---A--,461401370000
WO-DGMBTG---A--,461401380000
WO-DGMBTH---A--,461401390000
WO-DGMBTI---A--,461401400000
WO-DL-ML---L---,461501000000
WO-DL-MA----A--,461502000000
WO-DL-RA---L---,461503000000
WO-DL-SA----A--,461504000000
WO-DL-TA----A--,461505000000
WO-DL-O-----A--,461506000000
WO-DMCA----L---,461601000000
WO-DMCC-----A--,461602000000
WO-DMCD----L---,461603000000
WOS-MF----P----,461604000000
WOS-ML----P----,461605000000
WOS-MOA---P----,461606000000
WO-DMOA-----A--,461607000000
WO-DMPA----L---,461608000000
WOS-MPA---P----,461609000000
IUPPSCD-----***,501101005300
IUAPSCC-----***,501101001100
IUAPSCP-----***,501101004900
IUAPSCO-----***,511101004700
IUAPSCS-----***,511101005700
IUGPSCC-----***,521101001100
IUGPSCO-----***,521101004700
IUGPSCP-----***,521101004900
IUGPSCS-----***,521101005700
IUGPSCT-----***,521101006000
IUSPSCC-----***,531101001100
IUSPSCO-----***,531101004700
IUSPSCP-----***,531101004900
IUSPSCS-----***,531101005700
IUUPSCO-----***,541101004700
IUUPSCP-----***,541101004900
IUUPSCS-----***,541101005700
IUPPSRD-----***,501103001400
IUPPSRE-----***,501103001500
IUPPSRI-----***,501103002400
IUPPSRM-----***,501103003900
IUPPSRT-----***,501103005800
IUPPSRS-----***,501103005400
IUPPSRU-----***,501103006200
IUAPSRAI----***,511103000300
IUAPSRAS----***,511103000200
IUAPSRC-----***,511103001000
IUAPSRD-----***,511103001400
IUAPSRE-----***,511103001600
IUAPSRF-----***,511103001700
IUAPSRI-----***,511103002400
IUAPSRMA----***,511103003500
IUAPSRMD----***,511103003700
IUAPSRMG----***,511103004000
IUAPSRMT----***,511103004200
IUAPSRMF----***,511103003900
IUAPSRTI----***,511103005900
IUAPSRTA----***,511103005800
IUAPSRTT----***,511103006100
IUAPSRU-----***,511103006200
IUGPSRAT----***,521103000600
IUGPSRAA----***,521103000100
IUGPSRB-----***,521103000800
IUGPSRCS----***,521103001200
IUGPSRCA----***,521103000900
IUGPSRD-----***,521103001400
IUGPSRE-----***,521103001600
IUGPSRF-----***,521103001700
IUGPSRH-----***,521103001900
IUGPSRI-----***,521103002100
IUGPSRMM----***,521103003800
IUGPSRMA----***,521103003500
IUGPSRMG----***,521103004000
IUGPSRMT----***,521103004200
IUGPSRMF----***,521103003900
IUGPSRS-----***,521103005600
IUGPSRTA----***,521103005800
IUGPSRTI----***,521103005900
IUGPSRTT----***,521103006100
IUGPSRU-----***,521103006200
IUSPSRAT----***,531103000600
IUSPSRAA----***,531103000100
IUSPSRCA----***,531103000900
IUSPSRCI----***,531103001000
IUSPSRD-----***,531103001400
IUSPSRE-----***,531103001600
IUSPSRF-----***,531103001700
IUSPSRH-----***,531103001900
IUSPSRI-----***,531103002100
IUSPSRMM----***,531103003800
IUSPSRMA----***,531103003500
IUSPSRMG----***,531103004000
IUSPSRMT----***,531103004200
IUSPSRMF----***,531103003900
IUSPSRS-----***,531103005500
IUSPSRTA----***,531103005800
IUSPSRTI----***,531103005900
IUSPSRTT----***,531103006100
IUSPSRU-----***,531103006200
IUUPSRD-----***,541103001400
IUUPSRE-----***,541103001600
IUUPSRM-----***,541103003900
IUUPSRS-----***,541103005500
IUUPSRT-----***,541103005800
IUUPSRU-----***,541103006200
SUCPMUSCMT*****,601101000000
SUCPMUSNMT*****,601102000000
SUCPMUSCPT*****,601103000000
SUCPNSCTA-*****,601104000000
SUCPNNSCTA*****,601105000000
